Order Date,Region,Category,Sub-Category,Sales,Quantity,Discount,Profit,Customer_ID
2023-11-24,Central,Furniture,Bookcases,3662.65,5,0.5,-1831.32,CUST-1155
2023-02-27,West,Office Supplies,Storage,299.84,8,0.0,59.97,CUST-1114
2023-01-13,South,Office Supplies,Paper,291.49,8,0.1,29.15,CUST-1060
2023-05-21,West,Technology,Machines,4961.14,1,0.1,496.11,CUST-1170
2023-05-06,West,Furniture,Furnishings,125.08,3,0.2,0.0,CUST-1030
2023-04-25,South,Furniture,Bookcases,4301.1,7,0.3,-1118.29,CUST-1084
2023-03-13,East,Office Supplies,Paper,4744.94,2,0.1,474.49,CUST-1153
2023-02-22,East,Technology,Phones,1162.16,7,0.0,232.43,CUST-1073
2023-12-13,South,Office Supplies,Storage,4547.51,4,0.1,454.75,CUST-1092
2023-10-07,South,Technology,Accessories,2605.14,4,0.1,260.51,CUST-1044
2023-02-14,East,Office Supplies,Paper,3877.91,2,0.1,387.79,CUST-1041
2023-10-30,West,Technology,Copiers,4610.15,8,0.0,1844.06,CUST-1094
2023-08-05,West,Office Supplies,Art,235.68,8,0.0,47.14,CUST-1142
2023-01-17,South,Furniture,Tables,2703.06,8,0.4,-1027.16,CUST-1160
2023-01-16,East,Furniture,Chairs,1488.4,1,0.0,297.68,CUST-1093
2023-02-17,Central,Furniture,Furnishings,1980.46,8,0.2,0.0,CUST-1011
2023-04-22,Central,Office Supplies,Binders,3559.6,3,0.0,711.92,CUST-1087
2023-04-30,Central,Furniture,Tables,1798.74,9,0.7,-1331.07,CUST-1007
2023-09-16,Central,Furniture,Furnishings,2252.76,1,0.2,0.0,CUST-1095
2023-11-05,Central,Technology,Machines,3332.95,8,0.1,333.3,CUST-1175
2023-01-14,Central,Office Supplies,Binders,1920.81,3,0.0,384.16,CUST-1119
2023-10-15,East,Technology,Copiers,3857.13,7,0.0,1542.85,CUST-1149
2023-04-12,Central,Furniture,Bookcases,2143.43,3,0.5,-1071.71,CUST-1007
2023-11-29,South,Office Supplies,Binders,1578.64,4,0.1,157.86,CUST-1084
2023-12-26,East,Office Supplies,Storage,2057.81,4,0.0,411.56,CUST-1129
2023-10-07,South,Office Supplies,Storage,3476.98,2,0.1,347.7,CUST-1048
2023-08-03,East,Technology,Phones,536.42,4,0.1,53.64,CUST-1085
2023-04-23,West,Office Supplies,Art,4039.13,9,0.2,0.0,CUST-1174
2023-08-18,West,Furniture,Chairs,1147.4,9,0.0,229.48,CUST-1098
2023-10-29,East,Office Supplies,Storage,831.63,9,0.1,83.16,CUST-1193
2023-05-23,East,Furniture,Bookcases,1354.37,8,0.5,-677.18,CUST-1105
2023-01-04,Central,Technology,Machines,2598.77,9,0.0,519.75,CUST-1167
2023-03-23,West,Furniture,Tables,4812.61,7,0.4,-1828.79,CUST-1110
2023-12-24,Central,Furniture,Chairs,1431.35,1,0.2,0.0,CUST-1063
2023-08-05,East,Technology,Accessories,2061.07,7,0.0,412.21,CUST-1057
2023-06-24,South,Furniture,Chairs,1205.41,2,0.0,241.08,CUST-1188
2023-05-23,South,Technology,Machines,2768.94,7,0.2,0.0,CUST-1176
2023-03-21,Central,Office Supplies,Binders,3643.8,8,0.0,728.76,CUST-1011
2023-04-21,South,Technology,Accessories,2000.13,1,0.0,400.03,CUST-1148
2023-06-22,South,Office Supplies,Paper,3482.11,3,0.2,0.0,CUST-1028
2023-02-22,South,Office Supplies,Paper,2565.34,3,0.2,0.0,CUST-1084
2023-02-17,South,Furniture,Chairs,1993.88,7,0.1,199.39,CUST-1036
2023-07-14,South,Furniture,Bookcases,1711.92,9,0.4,-650.53,CUST-1156
2023-02-19,Central,Office Supplies,Paper,3481.96,7,0.1,348.2,CUST-1071
2023-07-03,South,Furniture,Furnishings,2652.96,2,0.0,530.59,CUST-1016
2023-06-26,South,Technology,Machines,2795.88,7,0.0,559.18,CUST-1100
2023-11-06,East,Office Supplies,Storage,3632.52,3,0.1,363.25,CUST-1053
2023-05-16,South,Furniture,Furnishings,4256.13,1,0.1,425.61,CUST-1200
2023-01-23,South,Technology,Copiers,1867.69,9,0.0,747.08,CUST-1036
2023-08-24,Central,Furniture,Chairs,1426.77,2,0.1,142.68,CUST-1103
2023-10-02,West,Office Supplies,Art,4972.34,4,0.0,994.47,CUST-1006
2023-03-05,South,Furniture,Tables,1633.74,4,0.7,-1208.97,CUST-1080
2023-07-13,South,Office Supplies,Storage,3291.49,1,0.2,0.0,CUST-1112
2023-02-10,Central,Technology,Copiers,1259.8,6,0.0,503.92,CUST-1187
2023-10-10,West,Furniture,Bookcases,4461.31,2,0.3,-1159.94,CUST-1026
2023-05-31,West,Furniture,Furnishings,3347.93,1,0.0,669.59,CUST-1174
2023-11-18,South,Furniture,Furnishings,1411.05,3,0.0,282.21,CUST-1032
2023-11-13,South,Furniture,Furnishings,4702.89,5,0.1,470.29,CUST-1188
2023-07-05,Central,Furniture,Chairs,4642.31,1,0.1,464.23,CUST-1139
2023-10-23,East,Office Supplies,Storage,4901.85,4,0.2,0.0,CUST-1053
2023-04-09,East,Furniture,Furnishings,4257.17,3,0.1,425.72,CUST-1065
2023-12-27,East,Technology,Copiers,4222.62,3,0.0,1689.05,CUST-1141
2023-02-05,South,Technology,Machines,1052.5,6,0.2,0.0,CUST-1200
2023-01-24,West,Office Supplies,Storage,1483.5,1,0.0,296.7,CUST-1158
2023-12-05,East,Office Supplies,Paper,1803.86,7,0.1,180.39,CUST-1013
2023-04-27,Central,Technology,Phones,3061.45,7,0.0,612.29,CUST-1007
2023-05-29,South,Furniture,Furnishings,3253.32,3,0.2,0.0,CUST-1024
2023-02-10,Central,Technology,Accessories,2197.99,6,0.2,0.0,CUST-1167
2023-04-30,East,Technology,Copiers,4909.39,6,0.0,1963.76,CUST-1013
2023-02-21,West,Technology,Accessories,1258.75,6,0.2,0.0,CUST-1114
2023-07-14,West,Office Supplies,Art,1639.99,8,0.0,328.0,CUST-1070
2023-05-23,South,Furniture,Bookcases,435.88,4,0.4,-165.63,CUST-1104
2023-08-21,Central,Office Supplies,Storage,700.38,2,0.1,70.04,CUST-1175
2023-11-22,West,Office Supplies,Binders,2000.12,3,0.1,200.01,CUST-1134
2023-07-06,Central,Technology,Phones,929.83,7,0.2,0.0,CUST-1039
2023-03-25,East,Furniture,Chairs,874.74,1,0.2,0.0,CUST-1141
2023-07-09,West,Technology,Accessories,3575.83,8,0.0,715.17,CUST-1054
2023-07-01,East,Furniture,Furnishings,2588.31,5,0.1,258.83,CUST-1121
2023-04-18,East,Office Supplies,Storage,1246.18,3,0.0,249.24,CUST-1189
2023-12-10,West,Furniture,Chairs,589.2,5,0.2,0.0,CUST-1058
2023-05-17,East,Technology,Accessories,4897.76,5,0.1,489.78,CUST-1029
2023-12-26,West,Furniture,Bookcases,1738.06,5,0.5,-869.03,CUST-1054
2023-12-16,West,Technology,Accessories,3179.12,2,0.2,0.0,CUST-1090
2023-11-28,West,Technology,Copiers,2520.65,1,0.0,1008.26,CUST-1158
2023-02-06,South,Furniture,Chairs,823.04,8,0.2,0.0,CUST-1084
2023-11-08,West,Furniture,Furnishings,2933.02,4,0.1,293.3,CUST-1062
2023-11-22,Central,Furniture,Chairs,4057.91,5,0.2,0.0,CUST-1179
2023-03-29,East,Furniture,Furnishings,4527.7,2,0.0,905.54,CUST-1069
2023-10-01,Central,Technology,Copiers,1689.41,8,0.0,675.76,CUST-1187
2023-05-06,East,Technology,Accessories,126.13,2,0.2,0.0,CUST-1093
2023-03-25,East,Office Supplies,Art,3467.52,2,0.0,693.5,CUST-1101
2023-08-25,Central,Furniture,Furnishings,3678.0,5,0.0,735.6,CUST-1099
2023-07-14,East,Technology,Phones,3755.57,3,0.0,751.11,CUST-1177
2023-05-19,Central,Technology,Phones,3884.3,8,0.2,0.0,CUST-1163
2023-11-24,West,Furniture,Furnishings,2150.68,7,0.0,430.14,CUST-1114
2023-12-19,Central,Furniture,Tables,4513.74,4,0.7,-3340.17,CUST-1059
2023-10-13,East,Technology,Phones,4478.66,1,0.0,895.73,CUST-1177
2023-04-23,East,Office Supplies,Art,1780.98,4,0.2,0.0,CUST-1001
2023-12-17,West,Office Supplies,Art,2247.74,3,0.0,449.55,CUST-1098
2023-06-16,South,Office Supplies,Binders,3764.35,7,0.0,752.87,CUST-1028
2023-01-29,Central,Furniture,Chairs,2477.16,7,0.1,247.72,CUST-1035
2023-04-28,Central,Technology,Phones,3687.81,2,0.2,0.0,CUST-1095
2023-01-17,South,Furniture,Tables,4186.45,1,0.3,-1088.48,CUST-1004
2023-06-11,West,Office Supplies,Paper,3507.84,9,0.1,350.78,CUST-1174
2023-07-25,Central,Technology,Accessories,415.93,5,0.1,41.59,CUST-1031
2023-05-18,Central,Furniture,Chairs,4403.0,1,0.2,0.0,CUST-1095
2023-02-03,Central,Furniture,Chairs,3769.36,6,0.2,0.0,CUST-1043
2023-04-19,Central,Furniture,Furnishings,2796.44,3,0.2,0.0,CUST-1067
2023-10-18,West,Office Supplies,Binders,66.65,4,0.0,13.33,CUST-1030
2023-06-11,Central,Furniture,Bookcases,3732.76,9,0.5,-1866.38,CUST-1139
2023-04-19,South,Furniture,Chairs,4344.31,6,0.0,868.86,CUST-1140
2023-12-02,West,Technology,Machines,4889.72,5,0.1,488.97,CUST-1130
2023-09-13,East,Office Supplies,Art,378.24,3,0.2,0.0,CUST-1017
2023-07-22,South,Furniture,Tables,839.42,1,0.4,-318.98,CUST-1168
2023-11-26,Central,Office Supplies,Binders,3141.51,6,0.2,0.0,CUST-1155
2023-08-23,South,Office Supplies,Binders,4577.12,8,0.1,457.71,CUST-1164
2023-03-15,South,Furniture,Furnishings,856.7,4,0.1,85.67,CUST-1112
2023-05-16,South,Technology,Machines,2922.44,5,0.0,584.49,CUST-1028
2023-03-13,South,Office Supplies,Paper,171.26,9,0.0,34.25,CUST-1036
2023-05-07,East,Furniture,Furnishings,1362.08,3,0.0,272.42,CUST-1029
2023-10-15,West,Technology,Copiers,3631.34,9,0.0,1452.54,CUST-1046
2023-10-03,West,Technology,Machines,4384.54,5,0.2,0.0,CUST-1134
2023-05-15,South,Furniture,Tables,4054.66,1,0.5,-2027.33,CUST-1132
2023-10-27,East,Technology,Copiers,1971.02,1,0.0,788.41,CUST-1189
2023-08-08,East,Furniture,Tables,193.74,1,0.3,-50.37,CUST-1089
2023-10-26,South,Office Supplies,Paper,3461.65,5,0.2,0.0,CUST-1096
2023-07-24,East,Technology,Copiers,2781.6,5,0.0,1112.64,CUST-1145
2023-07-05,East,Furniture,Tables,4249.74,1,0.3,-1104.93,CUST-1137
2023-04-23,West,Furniture,Tables,1264.7,4,0.4,-480.59,CUST-1174
2023-03-12,East,Furniture,Furnishings,3094.46,8,0.2,0.0,CUST-1157
2023-09-18,West,Technology,Accessories,2386.29,3,0.2,0.0,CUST-1086
2023-09-10,West,Furniture,Tables,4840.19,9,0.3,-1258.45,CUST-1106
2023-02-16,South,Office Supplies,Storage,2108.47,5,0.0,421.69,CUST-1140
2023-01-25,West,Technology,Copiers,1072.69,6,0.0,429.08,CUST-1002
2023-02-26,South,Technology,Accessories,3044.36,2,0.1,304.44,CUST-1140
2023-03-20,Central,Office Supplies,Storage,4521.75,4,0.0,904.35,CUST-1147
2023-11-18,West,Furniture,Furnishings,4553.25,7,0.1,455.33,CUST-1186
2023-03-23,Central,Furniture,Chairs,3984.39,8,0.0,796.88,CUST-1055
2023-12-15,West,Furniture,Furnishings,340.52,5,0.1,34.05,CUST-1010
2023-08-05,West,Furniture,Tables,1650.47,3,0.5,-825.23,CUST-1002
2023-11-02,East,Office Supplies,Storage,2927.98,6,0.0,585.6,CUST-1017
2023-02-02,Central,Office Supplies,Storage,3341.11,2,0.0,668.22,CUST-1103
2023-07-17,West,Office Supplies,Storage,4110.74,2,0.1,411.07,CUST-1054
2023-07-15,East,Technology,Phones,2748.09,5,0.0,549.62,CUST-1153
2023-11-02,South,Technology,Accessories,1827.71,9,0.1,182.77,CUST-1108
2023-08-28,East,Office Supplies,Binders,3442.05,8,0.1,344.21,CUST-1033
2023-09-28,Central,Office Supplies,Art,314.78,4,0.0,62.96,CUST-1059
2023-05-09,South,Furniture,Bookcases,930.76,8,0.4,-353.69,CUST-1060
2023-10-11,West,Technology,Machines,1850.88,8,0.1,185.09,CUST-1102
2023-01-06,East,Technology,Accessories,747.22,3,0.2,0.0,CUST-1165
2023-12-15,Central,Office Supplies,Storage,2563.27,2,0.1,256.33,CUST-1051
2023-02-28,West,Office Supplies,Storage,1219.93,9,0.2,0.0,CUST-1126
2023-12-16,East,Technology,Copiers,1617.18,7,0.0,646.87,CUST-1153
2023-10-02,West,Technology,Accessories,607.61,1,0.0,121.52,CUST-1194
2023-05-17,South,Furniture,Furnishings,1781.97,9,0.0,356.39,CUST-1128
2023-11-25,West,Office Supplies,Art,2690.16,2,0.2,0.0,CUST-1014
2023-06-24,South,Furniture,Furnishings,646.63,9,0.0,129.33,CUST-1120
2023-02-27,West,Technology,Machines,2858.18,8,0.2,0.0,CUST-1146
2023-05-31,East,Technology,Phones,4669.12,5,0.1,466.91,CUST-1089
2023-08-11,East,Technology,Accessories,1237.33,4,0.1,123.73,CUST-1153
2023-03-22,Central,Technology,Accessories,4031.27,8,0.2,0.0,CUST-1179
2023-08-21,East,Office Supplies,Storage,2627.31,8,0.0,525.46,CUST-1057
2023-01-02,South,Office Supplies,Paper,1995.3,4,0.2,0.0,CUST-1172
2023-05-15,West,Technology,Phones,2458.84,6,0.2,0.0,CUST-1114
2023-09-14,West,Furniture,Tables,2788.25,8,0.4,-1059.53,CUST-1142
2023-04-02,Central,Furniture,Furnishings,1033.34,6,0.2,0.0,CUST-1051
2023-09-17,South,Furniture,Furnishings,1219.62,1,0.1,121.96,CUST-1128
2023-02-24,West,Technology,Phones,2535.46,4,0.0,507.09,CUST-1026
2023-11-17,Central,Office Supplies,Binders,1852.46,8,0.1,185.25,CUST-1087
2023-06-02,East,Office Supplies,Paper,4949.9,8,0.1,494.99,CUST-1109
2023-11-24,South,Furniture,Bookcases,3410.7,1,0.3,-886.78,CUST-1008
2023-09-17,Central,Office Supplies,Art,3034.45,3,0.1,303.44,CUST-1167
2023-11-08,Central,Furniture,Chairs,4154.79,2,0.1,415.48,CUST-1179
2023-04-12,East,Office Supplies,Binders,1032.96,3,0.2,0.0,CUST-1021
2023-03-20,East,Technology,Machines,4210.73,8,0.2,0.0,CUST-1109
2023-07-11,East,Furniture,Tables,3999.69,3,0.3,-1039.92,CUST-1109
2023-03-24,East,Furniture,Bookcases,3329.33,4,0.3,-865.63,CUST-1173
2023-10-04,East,Technology,Phones,3418.08,8,0.2,0.0,CUST-1173
2023-09-29,South,Technology,Machines,2318.77,6,0.0,463.75,CUST-1080
2023-01-01,Central,Office Supplies,Storage,2891.66,1,0.0,578.33,CUST-1119
2023-11-03,Central,Office Supplies,Paper,2722.33,8,0.2,0.0,CUST-1043
2023-06-15,Central,Office Supplies,Paper,4699.76,7,0.2,0.0,CUST-1111
2023-09-08,South,Technology,Machines,841.99,1,0.1,84.2,CUST-1100
2023-01-10,Central,Office Supplies,Art,4988.49,9,0.0,997.7,CUST-1155
2023-02-27,East,Furniture,Bookcases,3722.29,4,0.4,-1414.47,CUST-1129
2023-07-05,West,Technology,Phones,4385.06,1,0.1,438.51,CUST-1002
2023-06-07,West,Furniture,Bookcases,1900.32,8,0.7,-1406.24,CUST-1106
2023-05-03,South,Office Supplies,Binders,2703.9,4,0.0,540.78,CUST-1052
2023-01-30,West,Office Supplies,Storage,2996.23,4,0.1,299.62,CUST-1162
2023-05-04,Central,Office Supplies,Binders,4135.73,8,0.1,413.57,CUST-1011
2023-10-18,West,Office Supplies,Storage,1446.77,8,0.1,144.68,CUST-1154
2023-02-10,West,Furniture,Chairs,100.37,4,0.0,20.07,CUST-1022
2023-02-13,South,Furniture,Furnishings,3260.32,1,0.2,0.0,CUST-1032
2023-09-06,West,Furniture,Tables,395.83,8,0.3,-102.92,CUST-1106
2023-02-05,West,Office Supplies,Storage,622.83,5,0.0,124.57,CUST-1034
2023-09-30,West,Technology,Machines,632.07,9,0.0,126.41,CUST-1146
2023-03-06,Central,Technology,Copiers,1144.7,5,0.0,457.88,CUST-1131
2023-03-07,Central,Furniture,Chairs,1682.63,4,0.0,336.53,CUST-1167
2023-12-04,East,Technology,Phones,580.19,4,0.0,116.04,CUST-1173
2023-09-01,West,Office Supplies,Paper,1738.27,2,0.2,0.0,CUST-1094
2023-10-09,West,Office Supplies,Binders,2939.47,3,0.1,293.95,CUST-1058
2023-03-26,South,Furniture,Bookcases,835.91,5,0.7,-618.57,CUST-1128
2023-05-16,East,Furniture,Chairs,2907.14,6,0.1,290.71,CUST-1125
2023-09-28,South,Technology,Phones,2580.72,1,0.0,516.14,CUST-1096
2023-11-07,East,Technology,Accessories,435.89,8,0.0,87.18,CUST-1161
2023-08-05,Central,Furniture,Furnishings,344.71,7,0.2,0.0,CUST-1195
2023-04-19,Central,Office Supplies,Paper,1033.65,1,0.0,206.73,CUST-1195
2023-10-04,East,Technology,Machines,2828.56,2,0.0,565.71,CUST-1045
2023-12-20,West,Office Supplies,Storage,2642.96,6,0.0,528.59,CUST-1154
2023-04-13,West,Technology,Accessories,3829.13,4,0.0,765.83,CUST-1006
2024-01-01,South,Furniture,Bookcases,4731.12,3,0.4,-1797.83,CUST-1012
2023-06-09,West,Furniture,Bookcases,4894.87,2,0.5,-2447.44,CUST-1194
2023-07-24,East,Furniture,Chairs,1117.64,8,0.2,0.0,CUST-1145
2023-12-10,Central,Office Supplies,Binders,2979.29,9,0.2,0.0,CUST-1195
2023-11-29,East,Office Supplies,Storage,3267.2,8,0.1,326.72,CUST-1065
2023-07-11,Central,Technology,Machines,4279.93,4,0.0,855.99,CUST-1195
2023-08-13,West,Furniture,Tables,1472.81,2,0.5,-736.4,CUST-1006
2023-09-22,West,Office Supplies,Binders,1047.35,3,0.0,209.47,CUST-1006
2023-08-20,Central,Furniture,Furnishings,3522.69,1,0.2,0.0,CUST-1111
2023-03-03,East,Office Supplies,Paper,4127.29,3,0.2,0.0,CUST-1089
2023-05-07,Central,Furniture,Chairs,2052.96,9,0.1,205.3,CUST-1147
2023-04-26,East,Office Supplies,Art,4872.99,8,0.0,974.6,CUST-1125
2023-02-02,West,Technology,Machines,4926.98,7,0.0,985.4,CUST-1130
2023-06-23,West,Office Supplies,Binders,1350.7,8,0.1,135.07,CUST-1002
2023-01-11,East,Furniture,Bookcases,1097.94,6,0.5,-548.97,CUST-1073
2023-10-29,West,Technology,Accessories,4503.86,2,0.2,0.0,CUST-1006
2023-10-11,East,Office Supplies,Paper,4572.35,5,0.1,457.24,CUST-1173
2023-04-28,South,Furniture,Tables,345.21,5,0.3,-89.75,CUST-1104
2023-10-29,West,Technology,Machines,1040.04,6,0.0,208.01,CUST-1126
2023-04-23,Central,Furniture,Bookcases,4370.71,8,0.4,-1660.87,CUST-1023
2023-01-04,South,Furniture,Chairs,2476.43,1,0.1,247.64,CUST-1128
2023-02-06,East,Technology,Accessories,2115.96,2,0.1,211.6,CUST-1013
2023-12-29,Central,Furniture,Bookcases,460.78,3,0.4,-175.1,CUST-1043
2023-11-20,East,Furniture,Bookcases,1450.58,4,0.3,-377.15,CUST-1065
2023-01-31,Central,Office Supplies,Art,2836.36,2,0.2,0.0,CUST-1151
2023-04-28,Central,Technology,Accessories,3665.53,1,0.1,366.55,CUST-1095
2023-02-04,South,Office Supplies,Art,818.45,4,0.2,0.0,CUST-1020
2023-01-17,East,Technology,Copiers,2988.25,2,0.0,1195.3,CUST-1133
2023-06-19,East,Technology,Accessories,541.93,9,0.0,108.39,CUST-1021
2023-02-06,East,Furniture,Chairs,3445.13,9,0.2,0.0,CUST-1085
2023-09-21,Central,Office Supplies,Paper,3999.09,3,0.1,399.91,CUST-1043
2023-05-02,West,Technology,Machines,1811.26,1,0.0,362.25,CUST-1190
2023-05-23,East,Technology,Phones,2235.57,8,0.2,0.0,CUST-1061
2023-12-09,South,Office Supplies,Binders,3797.59,5,0.1,379.76,CUST-1132
2023-09-06,South,Technology,Machines,1255.84,9,0.2,0.0,CUST-1036
2023-04-20,Central,Technology,Phones,4720.86,7,0.0,944.17,CUST-1023
2023-10-04,Central,Technology,Phones,2371.32,7,0.1,237.13,CUST-1063
2023-03-09,Central,Furniture,Bookcases,1493.77,8,0.4,-567.63,CUST-1115
2023-10-20,Central,Office Supplies,Binders,2376.33,4,0.2,0.0,CUST-1011
2023-10-23,Central,Technology,Copiers,4146.29,1,0.0,1658.52,CUST-1079
2023-08-31,West,Office Supplies,Art,1157.74,2,0.2,0.0,CUST-1142
2023-05-05,East,Office Supplies,Art,2210.75,7,0.2,0.0,CUST-1073
2023-08-31,Central,Furniture,Furnishings,3955.71,9,0.0,791.14,CUST-1103
2023-07-28,West,Furniture,Furnishings,2139.82,2,0.2,0.0,CUST-1010
2023-04-08,Central,Technology,Accessories,116.13,7,0.0,23.23,CUST-1075
2023-02-18,East,Technology,Machines,4663.62,7,0.1,466.36,CUST-1077
2023-02-19,South,Furniture,Tables,451.83,5,0.7,-334.35,CUST-1128
2023-12-04,East,Office Supplies,Binders,3843.68,9,0.2,0.0,CUST-1025
2023-08-09,Central,Furniture,Chairs,1201.5,3,0.0,240.3,CUST-1163
2023-07-01,West,Technology,Accessories,1488.58,5,0.0,297.72,CUST-1130
2023-08-05,South,Furniture,Chairs,4938.73,9,0.2,0.0,CUST-1160
2023-07-30,East,Furniture,Furnishings,630.94,5,0.0,126.19,CUST-1153
2023-08-28,East,Office Supplies,Art,2093.73,8,0.2,0.0,CUST-1069
2023-01-28,West,Office Supplies,Paper,3070.92,9,0.2,0.0,CUST-1158
2023-12-11,South,Office Supplies,Art,4714.23,6,0.0,942.85,CUST-1004
2023-12-01,Central,Furniture,Tables,1161.04,2,0.3,-301.87,CUST-1043
2023-11-27,West,Furniture,Chairs,4786.78,8,0.1,478.68,CUST-1110
2023-02-20,East,Furniture,Tables,4845.82,1,0.3,-1259.91,CUST-1097
2023-02-01,Central,Technology,Phones,877.74,3,0.1,87.77,CUST-1199
2023-07-26,West,Technology,Phones,777.94,3,0.1,77.79,CUST-1090
2023-06-23,East,Furniture,Bookcases,183.98,4,0.4,-69.91,CUST-1121
2023-02-25,East,Technology,Copiers,4388.53,3,0.0,1755.41,CUST-1117
2023-05-08,Central,Furniture,Chairs,231.44,2,0.1,23.14,CUST-1167
2023-04-09,East,Office Supplies,Art,4658.63,2,0.2,0.0,CUST-1137
2023-04-08,West,Office Supplies,Binders,253.43,2,0.1,25.34,CUST-1026
2023-10-02,East,Furniture,Furnishings,389.89,1,0.1,38.99,CUST-1061
2023-08-18,South,Furniture,Furnishings,2585.23,3,0.1,258.52,CUST-1104
2023-03-13,Central,Technology,Machines,2833.0,1,0.1,283.3,CUST-1191
2023-08-05,South,Office Supplies,Art,3295.67,1,0.2,0.0,CUST-1196
2023-04-04,Central,Furniture,Chairs,4186.7,9,0.0,837.34,CUST-1007
2023-05-23,West,Office Supplies,Storage,3766.06,7,0.0,753.21,CUST-1002
2023-08-25,Central,Furniture,Tables,2332.7,7,0.4,-886.43,CUST-1191
2023-05-08,West,Office Supplies,Binders,3720.11,2,0.1,372.01,CUST-1046
2023-02-08,West,Furniture,Chairs,1300.85,2,0.0,260.17,CUST-1018
2023-08-15,West,Office Supplies,Binders,2803.62,8,0.2,0.0,CUST-1146
2023-10-09,West,Furniture,Bookcases,650.96,3,0.4,-247.36,CUST-1126
2023-02-20,Central,Technology,Phones,4815.33,5,0.0,963.07,CUST-1035
2023-01-26,West,Technology,Machines,1511.81,1,0.1,151.18,CUST-1162
2023-11-30,East,Technology,Accessories,1735.96,8,0.2,0.0,CUST-1137
2023-10-04,West,Technology,Accessories,4867.71,4,0.2,0.0,CUST-1074
2023-01-08,Central,Furniture,Furnishings,132.69,1,0.1,13.27,CUST-1191
2023-02-17,Central,Office Supplies,Art,3854.33,7,0.1,385.43,CUST-1063
2023-05-02,West,Technology,Accessories,4985.65,1,0.2,0.0,CUST-1010
2023-03-27,East,Furniture,Bookcases,2639.85,4,0.7,-1953.49,CUST-1077
2023-07-28,West,Office Supplies,Paper,1157.97,3,0.0,231.59,CUST-1094
2023-09-06,West,Furniture,Chairs,4548.53,5,0.2,0.0,CUST-1130
2023-09-04,South,Technology,Copiers,1378.33,3,0.0,551.33,CUST-1096
2023-04-20,Central,Furniture,Tables,4471.56,2,0.3,-1162.61,CUST-1043
2023-07-25,Central,Furniture,Chairs,3577.47,2,0.2,0.0,CUST-1195
2023-01-31,South,Office Supplies,Art,804.64,9,0.0,160.93,CUST-1032
2023-03-26,East,Furniture,Furnishings,3856.9,2,0.2,0.0,CUST-1141
2023-07-14,Central,Furniture,Furnishings,1477.9,8,0.1,147.79,CUST-1151
2023-01-02,Central,Technology,Copiers,2412.8,7,0.0,965.12,CUST-1159
2023-07-19,East,Technology,Machines,1245.22,9,0.1,124.52,CUST-1077
2023-05-16,South,Furniture,Furnishings,330.4,6,0.0,66.08,CUST-1140
2023-08-21,East,Technology,Machines,2171.9,1,0.0,434.38,CUST-1189
2023-05-27,West,Technology,Machines,1983.77,6,0.2,0.0,CUST-1098
2023-08-05,East,Furniture,Chairs,4763.72,9,0.2,0.0,CUST-1137
2023-12-23,West,Office Supplies,Art,738.15,9,0.1,73.82,CUST-1098
2023-10-12,South,Office Supplies,Art,2416.96,4,0.0,483.39,CUST-1116
2023-12-05,West,Technology,Machines,371.36,1,0.0,74.27,CUST-1070
2023-09-07,East,Furniture,Tables,175.68,4,0.4,-66.76,CUST-1181
2023-03-21,West,Office Supplies,Paper,4887.56,2,0.2,0.0,CUST-1070
2023-04-08,West,Technology,Copiers,3355.22,8,0.0,1342.09,CUST-1006
2023-06-01,Central,Furniture,Bookcases,4482.14,9,0.4,-1703.21,CUST-1139
2023-04-22,East,Office Supplies,Storage,2711.07,2,0.1,271.11,CUST-1061
2023-01-30,South,Technology,Machines,1703.86,7,0.2,0.0,CUST-1164
2023-10-24,South,Technology,Accessories,3921.32,3,0.2,0.0,CUST-1144
2023-10-05,East,Technology,Accessories,417.33,6,0.2,0.0,CUST-1129
2023-02-01,South,Furniture,Chairs,4360.2,3,0.2,0.0,CUST-1016
2023-06-10,West,Furniture,Furnishings,4360.45,5,0.2,0.0,CUST-1130
2023-01-30,South,Office Supplies,Art,2781.26,2,0.2,0.0,CUST-1056
2023-01-26,West,Furniture,Furnishings,2716.97,3,0.1,271.7,CUST-1082
2023-10-27,Central,Office Supplies,Binders,370.27,1,0.2,0.0,CUST-1191
2023-09-02,South,Furniture,Tables,4804.29,8,0.7,-3555.17,CUST-1080
2023-09-15,East,Technology,Machines,2529.18,2,0.0,505.84,CUST-1029
2023-09-29,Central,Furniture,Furnishings,156.68,2,0.1,15.67,CUST-1027
2023-03-22,Central,Technology,Machines,2114.39,3,0.2,0.0,CUST-1011
2023-01-30,West,Technology,Phones,1061.2,2,0.0,212.24,CUST-1066
2023-09-18,Central,Furniture,Bookcases,3882.24,4,0.7,-2872.86,CUST-1131
2023-02-11,West,Office Supplies,Paper,1195.34,2,0.2,0.0,CUST-1190
2023-04-06,East,Furniture,Tables,2466.47,6,0.7,-1825.19,CUST-1045
2023-02-05,East,Office Supplies,Paper,2578.94,9,0.1,257.89,CUST-1085
2023-11-01,Central,Technology,Phones,1961.5,9,0.1,196.15,CUST-1087
2023-02-04,Central,Furniture,Chairs,1632.7,8,0.0,326.54,CUST-1183
2023-12-12,Central,Office Supplies,Storage,1187.89,3,0.1,118.79,CUST-1119
2023-05-01,West,Technology,Phones,1691.65,9,0.0,338.33,CUST-1150
2023-07-26,East,Office Supplies,Art,3536.82,6,0.0,707.36,CUST-1149
2023-03-03,Central,Furniture,Bookcases,3322.38,5,0.3,-863.82,CUST-1179
2023-10-19,East,Office Supplies,Storage,2795.12,4,0.1,279.51,CUST-1029
2023-05-07,West,Technology,Phones,2660.54,4,0.1,266.05,CUST-1106
2023-10-24,East,Furniture,Bookcases,1131.26,5,0.3,-294.13,CUST-1105
2023-11-01,Central,Furniture,Chairs,2541.1,4,0.0,508.22,CUST-1135
2023-01-21,West,Office Supplies,Storage,96.73,9,0.1,9.67,CUST-1082
2023-11-14,East,Furniture,Bookcases,2279.15,2,0.5,-1139.58,CUST-1117
2023-02-11,South,Technology,Machines,637.45,4,0.1,63.74,CUST-1132
2023-08-03,West,Office Supplies,Art,4849.86,1,0.2,0.0,CUST-1110
2023-12-03,South,Furniture,Furnishings,1180.46,6,0.2,0.0,CUST-1188
2023-10-26,West,Furniture,Bookcases,4893.37,2,0.4,-1859.48,CUST-1130
2023-10-17,East,Technology,Machines,4324.4,1,0.2,0.0,CUST-1017
2023-09-25,South,Furniture,Tables,4594.2,1,0.5,-2297.1,CUST-1192
2023-06-11,Central,Technology,Phones,3338.19,9,0.1,333.82,CUST-1075
2023-05-14,West,Technology,Accessories,3028.72,9,0.0,605.74,CUST-1014
2023-04-15,East,Furniture,Furnishings,3764.61,5,0.0,752.92,CUST-1137
2023-12-09,Central,Furniture,Bookcases,4393.79,6,0.4,-1669.64,CUST-1195
2023-06-10,South,Technology,Copiers,4041.15,2,0.0,1616.46,CUST-1068
2023-05-03,East,Furniture,Bookcases,2183.56,1,0.7,-1615.83,CUST-1173
2023-05-16,West,Technology,Copiers,38.74,1,0.0,15.5,CUST-1110
2023-07-22,South,Technology,Copiers,2821.56,3,0.0,1128.62,CUST-1120
2023-03-09,South,Furniture,Chairs,2986.46,1,0.2,0.0,CUST-1116
2023-12-10,South,Technology,Accessories,2939.44,8,0.1,293.94,CUST-1184
2023-11-27,West,Technology,Accessories,2322.84,3,0.0,464.57,CUST-1022
2023-06-03,West,Technology,Accessories,4572.04,9,0.0,914.41,CUST-1138
2023-08-23,West,Furniture,Bookcases,2672.68,7,0.4,-1015.62,CUST-1162
2023-06-11,West,Technology,Machines,4778.06,5,0.2,0.0,CUST-1146
2023-02-07,Central,Office Supplies,Art,3240.9,9,0.2,0.0,CUST-1095
2023-01-05,Central,Office Supplies,Art,4672.84,6,0.2,0.0,CUST-1115
2023-08-23,West,Technology,Phones,3090.59,5,0.1,309.06,CUST-1194
2023-11-15,Central,Furniture,Bookcases,2665.98,8,0.7,-1972.83,CUST-1183
2023-10-16,West,Technology,Accessories,2005.53,4,0.1,200.55,CUST-1122
2023-02-21,East,Technology,Copiers,624.88,7,0.0,249.95,CUST-1137
2023-02-07,East,Office Supplies,Storage,1483.44,1,0.1,148.34,CUST-1129
2023-10-03,East,Technology,Machines,4815.01,4,0.1,481.5,CUST-1081
2023-04-20,Central,Technology,Phones,1873.81,7,0.1,187.38,CUST-1127
2023-09-17,West,Furniture,Tables,2971.76,9,0.5,-1485.88,CUST-1090
2023-05-16,West,Technology,Phones,4200.91,8,0.0,840.18,CUST-1130
2023-03-09,West,Office Supplies,Binders,1517.28,8,0.2,0.0,CUST-1010
2023-06-28,South,Office Supplies,Paper,4049.55,3,0.1,404.96,CUST-1072
2023-02-05,East,Office Supplies,Paper,773.39,1,0.2,0.0,CUST-1097
2023-05-06,South,Technology,Phones,1091.53,1,0.1,109.15,CUST-1168
2023-07-09,South,Furniture,Bookcases,1158.93,7,0.7,-857.61,CUST-1124
2023-05-26,Central,Technology,Phones,1960.62,9,0.1,196.06,CUST-1011
2023-03-22,East,Technology,Machines,690.83,5,0.1,69.08,CUST-1157
2023-08-13,Central,Technology,Accessories,2234.5,9,0.0,446.9,CUST-1183
2023-10-06,Central,Office Supplies,Art,650.69,3,0.1,65.07,CUST-1095
2023-12-27,West,Technology,Machines,1378.06,4,0.0,275.61,CUST-1198
2023-06-04,East,Office Supplies,Binders,1623.62,6,0.0,324.72,CUST-1125
2023-11-10,Central,Furniture,Chairs,4161.0,5,0.2,0.0,CUST-1187
2023-12-01,South,Furniture,Furnishings,4401.59,2,0.2,0.0,CUST-1088
2023-09-28,West,Furniture,Tables,1671.68,6,0.4,-635.24,CUST-1090
2023-01-05,Central,Technology,Accessories,2793.34,2,0.2,0.0,CUST-1007
2023-12-08,West,Technology,Machines,452.95,5,0.0,90.59,CUST-1106
2023-10-11,East,Office Supplies,Storage,1012.66,9,0.2,0.0,CUST-1165
2023-06-03,South,Furniture,Furnishings,3327.91,4,0.2,0.0,CUST-1008
2023-12-06,South,Technology,Phones,607.95,3,0.1,60.8,CUST-1104
2023-02-23,East,Furniture,Chairs,3361.08,4,0.1,336.11,CUST-1065
2023-03-10,West,Technology,Machines,3778.8,1,0.0,755.76,CUST-1158
2023-05-16,South,Technology,Machines,3546.64,4,0.0,709.33,CUST-1132
2023-03-01,Central,Technology,Phones,1807.08,5,0.1,180.71,CUST-1035
2023-02-24,Central,Furniture,Chairs,2553.52,3,0.1,255.35,CUST-1171
2023-10-11,Central,Technology,Machines,4367.95,6,0.2,0.0,CUST-1191
2023-03-21,West,Office Supplies,Storage,4960.87,5,0.1,496.09,CUST-1154
2023-05-20,South,Office Supplies,Binders,590.67,2,0.0,118.13,CUST-1116
2023-05-25,Central,Technology,Machines,2667.08,6,0.2,0.0,CUST-1167
2023-11-06,South,Office Supplies,Art,4095.49,5,0.2,0.0,CUST-1104
2023-04-18,West,Office Supplies,Paper,1125.84,4,0.1,112.58,CUST-1138
2023-06-25,South,Technology,Phones,2880.07,6,0.0,576.01,CUST-1200
2023-04-15,South,Office Supplies,Paper,704.6,6,0.1,70.46,CUST-1100
2023-12-18,East,Office Supplies,Storage,1999.33,9,0.0,399.87,CUST-1093
2023-11-21,East,Technology,Machines,2396.39,4,0.0,479.28,CUST-1049
2023-05-16,Central,Furniture,Furnishings,3885.85,4,0.1,388.58,CUST-1027
2023-09-16,East,Office Supplies,Paper,11.66,2,0.2,0.0,CUST-1141
2023-09-08,Central,Office Supplies,Storage,2826.56,2,0.1,282.66,CUST-1179
2023-05-09,East,Technology,Accessories,4974.38,8,0.2,0.0,CUST-1077
2023-01-27,East,Office Supplies,Storage,861.62,5,0.0,172.32,CUST-1001
2023-02-17,South,Technology,Accessories,514.22,1,0.2,0.0,CUST-1032
2023-11-21,South,Furniture,Chairs,3079.94,4,0.0,615.99,CUST-1184
2023-08-05,South,Technology,Copiers,3624.34,5,0.0,1449.74,CUST-1064
2023-05-22,South,Office Supplies,Paper,3273.84,3,0.2,0.0,CUST-1056
2023-01-23,Central,Technology,Accessories,892.67,6,0.0,178.53,CUST-1047
2023-01-02,West,Office Supplies,Paper,677.68,5,0.1,67.77,CUST-1090
2023-06-20,West,Office Supplies,Binders,3803.85,8,0.2,0.0,CUST-1058
2023-03-08,East,Furniture,Chairs,70.48,2,0.0,14.1,CUST-1109
2023-11-23,East,Furniture,Tables,332.44,4,0.3,-86.43,CUST-1133
2023-05-15,Central,Furniture,Furnishings,3233.99,5,0.2,0.0,CUST-1007
2023-03-24,East,Technology,Accessories,758.74,4,0.1,75.87,CUST-1125
2023-08-15,South,Office Supplies,Binders,3074.27,6,0.1,307.43,CUST-1092
2023-10-10,East,Technology,Phones,674.39,1,0.0,134.88,CUST-1085
2023-12-28,East,Furniture,Tables,2193.64,1,0.4,-833.58,CUST-1097
2023-08-07,West,Technology,Machines,4509.79,5,0.2,0.0,CUST-1086
2023-10-15,Central,Technology,Machines,4476.64,8,0.0,895.33,CUST-1087
2023-01-05,Central,Furniture,Furnishings,2258.59,3,0.0,451.72,CUST-1195
2023-02-27,South,Furniture,Bookcases,3404.34,8,0.3,-885.13,CUST-1168
2023-02-08,Central,Office Supplies,Binders,369.7,8,0.2,0.0,CUST-1023
2023-12-20,South,Furniture,Chairs,2547.81,8,0.1,254.78,CUST-1060
2023-03-18,Central,Technology,Machines,1755.02,3,0.2,0.0,CUST-1171
2023-10-07,Central,Office Supplies,Storage,2066.53,5,0.1,206.65,CUST-1147
2023-01-19,West,Technology,Accessories,422.26,1,0.2,0.0,CUST-1130
2023-07-09,South,Furniture,Chairs,1915.88,2,0.2,0.0,CUST-1032
2023-10-26,East,Technology,Machines,3875.42,9,0.0,775.08,CUST-1173
2023-10-10,West,Office Supplies,Paper,4480.11,5,0.2,0.0,CUST-1174
2023-03-17,South,Technology,Accessories,2435.22,2,0.2,0.0,CUST-1020
2023-08-09,West,Office Supplies,Binders,4641.14,7,0.0,928.23,CUST-1154
2023-03-07,East,Office Supplies,Paper,2202.63,9,0.1,220.26,CUST-1013
2023-01-22,West,Technology,Machines,616.29,3,0.1,61.63,CUST-1022
2023-06-07,East,Furniture,Bookcases,3360.56,7,0.5,-1680.28,CUST-1177
2023-07-06,East,Furniture,Bookcases,1268.68,5,0.4,-482.1,CUST-1125
2023-01-21,South,Technology,Machines,2793.49,7,0.2,0.0,CUST-1120
2023-07-03,South,Technology,Accessories,4923.5,6,0.0,984.7,CUST-1188
2023-04-18,East,Technology,Accessories,667.33,4,0.2,0.0,CUST-1137
2023-12-16,West,Office Supplies,Storage,2534.2,8,0.0,506.84,CUST-1158
2023-05-08,West,Office Supplies,Binders,2955.83,8,0.2,0.0,CUST-1062
2023-12-08,Central,Technology,Copiers,766.33,7,0.0,306.53,CUST-1051
2023-02-22,South,Office Supplies,Binders,3808.0,8,0.1,380.8,CUST-1200
2023-07-01,West,Furniture,Furnishings,3635.04,1,0.2,0.0,CUST-1166
2023-10-14,South,Technology,Accessories,1028.14,5,0.1,102.81,CUST-1120
2023-07-28,Central,Office Supplies,Storage,3442.54,9,0.1,344.25,CUST-1075
2023-11-14,West,Technology,Accessories,186.2,1,0.1,18.62,CUST-1066
2023-03-21,West,Furniture,Tables,3795.8,4,0.5,-1897.9,CUST-1074
2023-05-02,South,Office Supplies,Storage,1534.97,8,0.2,0.0,CUST-1112
2023-03-25,East,Technology,Machines,1933.03,4,0.1,193.3,CUST-1101
2023-04-01,South,Technology,Copiers,697.74,6,0.0,279.1,CUST-1148
2023-07-31,East,Technology,Machines,900.08,6,0.1,90.01,CUST-1101
2023-01-13,South,Furniture,Chairs,474.02,7,0.2,0.0,CUST-1092
2023-04-02,South,Furniture,Tables,3619.79,5,0.7,-2678.64,CUST-1036
2023-06-20,West,Office Supplies,Art,2807.69,8,0.1,280.77,CUST-1046
2023-07-30,West,Technology,Copiers,1356.41,3,0.0,542.56,CUST-1002
2023-12-09,East,Office Supplies,Paper,753.51,8,0.0,150.7,CUST-1001
2023-05-08,South,Technology,Accessories,3541.33,4,0.2,0.0,CUST-1188
2023-05-17,South,Furniture,Furnishings,620.66,1,0.2,0.0,CUST-1136
2023-03-23,East,Technology,Copiers,1110.85,9,0.0,444.34,CUST-1125
2023-12-26,South,Technology,Phones,875.67,6,0.2,0.0,CUST-1192
2023-02-25,Central,Office Supplies,Paper,4955.72,7,0.0,991.14,CUST-1099
2023-07-15,West,Furniture,Chairs,2832.09,2,0.2,0.0,CUST-1158
2023-01-20,East,Office Supplies,Binders,2933.19,6,0.0,586.64,CUST-1177
2023-08-29,West,Furniture,Bookcases,1500.64,5,0.5,-750.32,CUST-1002
2023-04-24,West,Office Supplies,Paper,1135.45,5,0.0,227.09,CUST-1062
2023-04-13,South,Furniture,Furnishings,4015.19,5,0.1,401.52,CUST-1156
2023-08-24,West,Technology,Copiers,4520.53,3,0.0,1808.21,CUST-1018
2023-06-29,East,Furniture,Furnishings,3829.91,6,0.1,382.99,CUST-1085
2023-06-06,South,Furniture,Bookcases,4613.89,9,0.7,-3414.28,CUST-1116
2023-04-27,East,Technology,Machines,294.7,6,0.2,0.0,CUST-1009
2023-04-25,Central,Office Supplies,Art,3937.76,6,0.2,0.0,CUST-1047
2023-01-13,West,Furniture,Chairs,1348.01,9,0.0,269.6,CUST-1102
2023-12-04,South,Office Supplies,Art,3102.3,9,0.0,620.46,CUST-1064
2023-04-09,South,Technology,Phones,3861.57,6,0.2,0.0,CUST-1148
2023-07-24,Central,Technology,Machines,3322.31,4,0.2,0.0,CUST-1087
2023-06-18,South,Office Supplies,Binders,270.77,8,0.1,27.08,CUST-1116
2023-05-23,East,Furniture,Tables,4897.96,5,0.5,-2448.98,CUST-1053
2023-02-05,Central,Technology,Phones,2831.0,3,0.2,0.0,CUST-1111
2023-05-23,East,Furniture,Furnishings,4837.11,9,0.0,967.42,CUST-1017
2023-06-29,West,Furniture,Furnishings,2095.77,9,0.2,0.0,CUST-1186
2023-11-25,West,Office Supplies,Binders,2621.72,2,0.1,262.17,CUST-1194
2023-09-18,Central,Furniture,Bookcases,3542.1,1,0.4,-1346.0,CUST-1119
2023-07-24,West,Technology,Accessories,4236.12,5,0.0,847.22,CUST-1182
2023-12-14,West,Technology,Machines,1088.29,2,0.2,0.0,CUST-1018
2023-10-02,East,Office Supplies,Paper,1460.03,8,0.1,146.0,CUST-1045
2023-06-19,South,Office Supplies,Paper,4890.53,3,0.2,0.0,CUST-1064
2023-01-15,East,Office Supplies,Binders,831.88,4,0.1,83.19,CUST-1101
2023-03-01,South,Technology,Copiers,1032.36,5,0.0,412.94,CUST-1104
2023-05-14,Central,Technology,Machines,4354.19,9,0.1,435.42,CUST-1191
2023-04-02,South,Technology,Phones,145.57,9,0.1,14.56,CUST-1084
2023-10-25,Central,Furniture,Tables,2494.08,6,0.5,-1247.04,CUST-1155
2023-05-16,South,Office Supplies,Binders,1992.93,3,0.0,398.59,CUST-1144
2023-01-20,Central,Office Supplies,Art,941.75,8,0.0,188.35,CUST-1131
2023-02-25,South,Furniture,Chairs,1568.62,9,0.2,0.0,CUST-1120
2023-11-02,Central,Technology,Machines,2605.75,4,0.1,260.58,CUST-1147
2023-08-11,South,Technology,Copiers,3071.23,3,0.0,1228.49,CUST-1092
2023-06-26,Central,Technology,Copiers,4917.77,1,0.0,1967.11,CUST-1039
2023-06-10,South,Furniture,Bookcases,929.28,5,0.7,-687.67,CUST-1020
2023-08-12,South,Office Supplies,Binders,2207.21,6,0.1,220.72,CUST-1144
2023-11-07,West,Office Supplies,Art,597.04,7,0.0,119.41,CUST-1134
2023-09-19,Central,Furniture,Bookcases,620.95,2,0.7,-459.5,CUST-1123
2023-03-01,South,Technology,Accessories,2143.17,7,0.2,0.0,CUST-1040
2023-07-17,East,Furniture,Bookcases,2641.72,9,0.7,-1954.87,CUST-1073
2023-10-23,West,Technology,Accessories,1901.35,3,0.0,380.27,CUST-1126
2023-04-08,South,Furniture,Chairs,4097.13,2,0.1,409.71,CUST-1004
2023-05-11,Central,Furniture,Bookcases,4507.47,9,0.3,-1171.94,CUST-1019
2023-01-23,South,Technology,Accessories,4142.96,5,0.1,414.3,CUST-1180
2023-12-29,West,Furniture,Chairs,2106.39,2,0.0,421.28,CUST-1014
2023-08-12,Central,Office Supplies,Paper,3746.64,9,0.2,0.0,CUST-1063
2023-01-01,South,Technology,Phones,4208.82,3,0.0,841.76,CUST-1096
2023-09-24,South,Furniture,Furnishings,540.66,3,0.2,0.0,CUST-1064
2023-10-03,Central,Technology,Phones,3279.86,1,0.2,0.0,CUST-1007
2023-12-18,Central,Office Supplies,Storage,3473.81,9,0.2,0.0,CUST-1195
2023-12-10,West,Office Supplies,Storage,351.84,9,0.0,70.37,CUST-1110
2023-04-11,East,Technology,Machines,4692.14,1,0.2,0.0,CUST-1125
2023-07-06,East,Office Supplies,Art,3328.27,2,0.2,0.0,CUST-1105
2023-08-09,East,Technology,Copiers,10.94,2,0.0,4.38,CUST-1077
2023-02-05,South,Technology,Accessories,1141.38,5,0.1,114.14,CUST-1096
2023-12-07,Central,Office Supplies,Paper,4013.75,4,0.0,802.75,CUST-1047
2023-06-19,East,Technology,Accessories,4831.55,6,0.0,966.31,CUST-1197
2023-11-16,Central,Technology,Copiers,4131.93,3,0.0,1652.77,CUST-1139
2023-06-10,East,Furniture,Bookcases,3110.51,9,0.5,-1555.26,CUST-1129
2023-12-06,South,Office Supplies,Binders,1414.79,4,0.1,141.48,CUST-1132
2023-03-05,South,Technology,Phones,2708.09,8,0.0,541.62,CUST-1172
2023-06-03,West,Furniture,Furnishings,2840.18,4,0.0,568.04,CUST-1146
2023-09-17,West,Office Supplies,Binders,1493.22,9,0.2,0.0,CUST-1046
2023-06-08,South,Technology,Phones,1658.74,6,0.0,331.75,CUST-1012
2023-12-08,South,Office Supplies,Storage,404.06,1,0.1,40.41,CUST-1004
2023-07-29,South,Office Supplies,Storage,4977.23,2,0.0,995.45,CUST-1132
2023-06-17,Central,Furniture,Chairs,1269.01,5,0.2,0.0,CUST-1159
2023-07-26,South,Furniture,Chairs,478.35,9,0.2,0.0,CUST-1040
2023-12-23,East,Technology,Machines,4779.56,8,0.0,955.91,CUST-1169
2023-06-01,Central,Office Supplies,Art,1591.56,9,0.2,0.0,CUST-1175
2023-10-11,West,Furniture,Tables,3039.38,3,0.4,-1154.96,CUST-1114
2023-03-07,South,Furniture,Chairs,3201.63,7,0.2,0.0,CUST-1052
2023-04-09,South,Technology,Machines,2443.46,6,0.1,244.35,CUST-1048
2023-08-04,South,Technology,Copiers,3720.53,1,0.0,1488.21,CUST-1124
2023-12-07,South,Office Supplies,Paper,363.95,9,0.1,36.4,CUST-1184
2023-07-14,East,Furniture,Furnishings,3024.32,8,0.2,0.0,CUST-1005
2023-12-13,South,Technology,Phones,2257.82,1,0.2,0.0,CUST-1200
2023-03-31,South,Technology,Copiers,2242.87,4,0.0,897.15,CUST-1140
2023-11-12,South,Furniture,Chairs,2689.67,1,0.1,268.97,CUST-1092
2023-10-19,East,Technology,Machines,193.24,1,0.1,19.32,CUST-1065
2023-06-04,Central,Furniture,Chairs,2864.52,6,0.1,286.45,CUST-1103
2023-07-27,East,Furniture,Furnishings,444.59,9,0.0,88.92,CUST-1029
2023-10-08,South,Furniture,Bookcases,4400.51,7,0.3,-1144.13,CUST-1116
2023-01-01,Central,Furniture,Furnishings,3514.27,3,0.2,0.0,CUST-1103
2023-06-05,East,Office Supplies,Paper,834.37,8,0.2,0.0,CUST-1037
2023-05-27,South,Furniture,Chairs,1298.28,1,0.0,259.66,CUST-1104
2023-04-18,West,Office Supplies,Art,4107.78,8,0.0,821.56,CUST-1134
2023-08-09,Central,Technology,Copiers,3590.68,7,0.0,1436.27,CUST-1163
2023-10-24,East,Office Supplies,Art,3436.08,2,0.1,343.61,CUST-1025
2023-11-07,East,Office Supplies,Art,1851.57,3,0.2,0.0,CUST-1013
2023-12-02,South,Furniture,Chairs,2027.16,3,0.2,0.0,CUST-1200
2023-06-14,East,Office Supplies,Paper,3346.18,9,0.1,334.62,CUST-1177
2023-08-27,West,Office Supplies,Storage,2997.48,2,0.2,0.0,CUST-1042
2023-08-15,West,Furniture,Chairs,780.06,3,0.1,78.01,CUST-1114
2023-08-15,Central,Furniture,Tables,2654.66,3,0.7,-1964.45,CUST-1143
2023-12-12,West,Technology,Phones,3477.46,3,0.2,0.0,CUST-1098
2023-04-20,East,Office Supplies,Binders,2002.85,5,0.0,400.57,CUST-1081
2023-09-19,West,Furniture,Bookcases,1722.41,7,0.7,-1274.58,CUST-1142
2023-08-31,East,Technology,Machines,1943.09,2,0.2,0.0,CUST-1037
2023-03-28,East,Office Supplies,Binders,1538.5,2,0.2,0.0,CUST-1145
2023-12-04,Central,Office Supplies,Binders,2160.62,8,0.2,0.0,CUST-1035
2023-02-13,South,Technology,Copiers,3009.36,4,0.0,1203.74,CUST-1096
2023-05-26,South,Furniture,Furnishings,1879.02,8,0.0,375.8,CUST-1140
2023-09-21,Central,Furniture,Furnishings,3811.92,4,0.2,0.0,CUST-1195
2023-12-06,East,Technology,Machines,1900.76,3,0.2,0.0,CUST-1137
2023-11-21,Central,Office Supplies,Storage,2054.05,1,0.0,410.81,CUST-1191
2023-11-14,West,Furniture,Furnishings,1829.32,4,0.1,182.93,CUST-1142
2023-06-21,East,Office Supplies,Art,845.13,2,0.0,169.03,CUST-1069
2023-02-17,West,Office Supplies,Storage,4820.45,4,0.1,482.04,CUST-1194
2023-05-01,Central,Technology,Accessories,4628.93,3,0.1,462.89,CUST-1155
2023-12-11,West,Office Supplies,Binders,2298.03,5,0.1,229.8,CUST-1126
2023-06-08,East,Furniture,Tables,1880.27,3,0.5,-940.14,CUST-1093
2023-04-26,West,Technology,Machines,2731.45,4,0.0,546.29,CUST-1090
2023-04-12,East,Technology,Machines,4900.74,9,0.0,980.15,CUST-1125
2023-03-17,East,Technology,Phones,3811.89,7,0.2,0.0,CUST-1145
2023-01-13,Central,Technology,Accessories,1304.08,3,0.1,130.41,CUST-1047
2023-01-24,East,Furniture,Tables,3390.16,5,0.7,-2508.72,CUST-1193
2023-05-06,Central,Office Supplies,Art,1742.91,8,0.0,348.58,CUST-1051
2023-09-01,Central,Furniture,Bookcases,4085.62,4,0.5,-2042.81,CUST-1091
2023-11-09,East,Furniture,Bookcases,4402.77,8,0.4,-1673.05,CUST-1097
2023-02-07,East,Technology,Copiers,1014.55,5,0.0,405.82,CUST-1137
2023-08-22,South,Furniture,Chairs,3557.31,6,0.2,0.0,CUST-1164
2023-08-01,Central,Office Supplies,Binders,2999.61,6,0.0,599.92,CUST-1119
2023-11-19,Central,Technology,Phones,3731.84,7,0.0,746.37,CUST-1067
2023-10-22,East,Furniture,Tables,181.96,6,0.3,-47.31,CUST-1193
2023-04-10,Central,Office Supplies,Paper,4905.13,4,0.1,490.51,CUST-1079
2023-12-23,Central,Office Supplies,Paper,2462.18,1,0.1,246.22,CUST-1191
2023-07-16,South,Office Supplies,Storage,3032.72,9,0.2,0.0,CUST-1100
2023-09-11,West,Furniture,Bookcases,4473.32,2,0.7,-3310.26,CUST-1086
2023-07-24,Central,Office Supplies,Storage,2961.12,7,0.0,592.22,CUST-1051
2023-05-05,Central,Office Supplies,Binders,306.76,1,0.0,61.35,CUST-1075
2023-03-17,East,Furniture,Furnishings,1209.51,6,0.2,0.0,CUST-1193
2023-12-02,Central,Furniture,Chairs,4857.95,7,0.1,485.8,CUST-1143
2023-12-19,South,Technology,Phones,162.44,3,0.1,16.24,CUST-1048
2023-01-03,West,Technology,Machines,1503.98,2,0.0,300.8,CUST-1162
2023-02-24,South,Office Supplies,Art,2647.6,3,0.2,0.0,CUST-1076
2023-08-06,West,Technology,Phones,458.16,7,0.2,0.0,CUST-1046
2023-04-23,East,Furniture,Chairs,3704.98,5,0.0,741.0,CUST-1033
2023-04-01,South,Furniture,Furnishings,3296.12,1,0.2,0.0,CUST-1028
2023-12-23,West,Office Supplies,Art,2001.51,2,0.1,200.15,CUST-1110
2023-09-23,West,Technology,Copiers,339.39,3,0.0,135.76,CUST-1054
2023-08-26,South,Office Supplies,Paper,4043.09,2,0.0,808.62,CUST-1124
2023-01-26,East,Office Supplies,Storage,4346.03,2,0.0,869.21,CUST-1073
2023-10-13,Central,Technology,Accessories,1218.73,6,0.1,121.87,CUST-1187
2023-05-08,West,Technology,Phones,3337.6,2,0.2,0.0,CUST-1062
2023-03-04,Central,Office Supplies,Paper,770.12,7,0.2,0.0,CUST-1019
2023-08-22,West,Furniture,Bookcases,2387.42,1,0.3,-620.73,CUST-1138
2023-03-10,East,Technology,Phones,178.01,3,0.0,35.6,CUST-1045
2023-08-26,Central,Furniture,Chairs,623.37,1,0.2,0.0,CUST-1099
2023-12-08,Central,Technology,Accessories,2933.47,8,0.1,293.35,CUST-1083
2023-09-29,South,Technology,Accessories,2321.23,4,0.0,464.25,CUST-1144
2023-10-14,South,Office Supplies,Paper,2820.81,4,0.0,564.16,CUST-1092
2023-11-01,Central,Office Supplies,Art,1364.33,7,0.2,0.0,CUST-1063
2023-06-12,West,Technology,Accessories,4120.65,9,0.0,824.13,CUST-1154
2023-08-15,Central,Furniture,Bookcases,953.31,2,0.7,-705.45,CUST-1179
2023-11-10,West,Technology,Phones,322.82,2,0.0,64.56,CUST-1166
2023-09-16,West,Furniture,Furnishings,3707.11,9,0.0,741.42,CUST-1154
2023-08-07,Central,Office Supplies,Binders,4215.13,4,0.1,421.51,CUST-1055
2023-10-08,Central,Office Supplies,Binders,2117.7,6,0.2,0.0,CUST-1123
2023-08-17,East,Furniture,Tables,221.04,1,0.7,-163.57,CUST-1017
2023-03-23,Central,Furniture,Furnishings,3382.48,7,0.0,676.5,CUST-1139
2023-09-01,East,Office Supplies,Binders,922.21,8,0.2,0.0,CUST-1089
2023-08-19,East,Office Supplies,Binders,1497.28,5,0.2,0.0,CUST-1113
2023-05-13,Central,Furniture,Tables,532.99,6,0.7,-394.41,CUST-1171
2023-05-07,Central,Furniture,Bookcases,2293.92,2,0.7,-1697.5,CUST-1043
2023-11-23,West,Office Supplies,Art,24.38,7,0.0,4.88,CUST-1070
2023-05-22,East,Technology,Phones,4112.68,2,0.0,822.54,CUST-1185
2023-09-24,East,Technology,Copiers,3655.18,6,0.0,1462.07,CUST-1045
2023-09-06,East,Furniture,Bookcases,3042.68,2,0.3,-791.1,CUST-1033
2023-11-17,South,Office Supplies,Art,3695.6,6,0.0,739.12,CUST-1040
2023-05-03,South,Technology,Accessories,2900.08,5,0.2,0.0,CUST-1176
2023-05-21,Central,Furniture,Chairs,4118.31,6,0.1,411.83,CUST-1067
2023-08-14,East,Office Supplies,Binders,3443.34,5,0.1,344.33,CUST-1149
2023-02-09,South,Technology,Accessories,3549.82,3,0.0,709.96,CUST-1028
2024-01-01,Central,Office Supplies,Paper,2659.38,6,0.0,531.88,CUST-1183
2023-05-27,Central,Furniture,Furnishings,217.87,6,0.0,43.57,CUST-1051
2023-05-01,South,Office Supplies,Art,1343.59,1,0.1,134.36,CUST-1160
2023-05-20,South,Office Supplies,Paper,94.57,9,0.1,9.46,CUST-1168
2023-06-21,East,Technology,Copiers,97.59,5,0.0,39.04,CUST-1033
2023-06-13,East,Furniture,Bookcases,2594.62,4,0.3,-674.6,CUST-1197
2023-10-04,West,Office Supplies,Binders,3235.83,7,0.2,0.0,CUST-1106
2023-02-11,Central,Furniture,Furnishings,4493.82,1,0.2,0.0,CUST-1007
2023-03-12,East,Furniture,Tables,770.12,8,0.5,-385.06,CUST-1017
2023-03-19,East,Furniture,Chairs,1240.55,7,0.1,124.06,CUST-1113
2023-04-29,South,Technology,Machines,4714.19,5,0.1,471.42,CUST-1148
2023-07-16,Central,Office Supplies,Art,387.27,9,0.0,77.45,CUST-1151
2023-12-22,Central,Technology,Machines,3102.48,9,0.1,310.25,CUST-1075
2023-03-20,East,Technology,Copiers,2895.71,5,0.0,1158.28,CUST-1029
2023-12-28,South,Office Supplies,Storage,3373.91,1,0.0,674.78,CUST-1192
2023-04-20,Central,Technology,Machines,3627.66,9,0.2,0.0,CUST-1179
2023-02-02,Central,Furniture,Tables,320.39,1,0.4,-121.75,CUST-1003
2023-08-01,East,Furniture,Bookcases,232.37,1,0.4,-88.3,CUST-1085
2023-07-28,West,Office Supplies,Paper,1217.05,5,0.1,121.7,CUST-1066
2023-06-19,East,Technology,Accessories,4644.01,2,0.1,464.4,CUST-1025
2023-10-05,West,Technology,Phones,2298.4,3,0.1,229.84,CUST-1098
2023-08-27,West,Furniture,Furnishings,1053.84,1,0.0,210.77,CUST-1178
2023-08-01,South,Office Supplies,Binders,2640.89,6,0.0,528.18,CUST-1016
2023-02-01,South,Office Supplies,Art,4974.15,9,0.2,0.0,CUST-1144
2023-04-16,East,Furniture,Tables,2971.87,7,0.4,-1129.31,CUST-1021
2023-08-04,West,Technology,Accessories,80.81,3,0.0,16.16,CUST-1122
2023-07-19,Central,Furniture,Tables,3494.57,5,0.7,-2585.98,CUST-1075
2023-10-27,West,Technology,Copiers,1970.04,8,0.0,788.02,CUST-1174
2023-12-23,West,Office Supplies,Paper,3206.67,7,0.0,641.33,CUST-1154
2023-01-11,Central,Technology,Accessories,4277.48,9,0.0,855.5,CUST-1107
2023-10-22,West,Furniture,Furnishings,4631.71,5,0.1,463.17,CUST-1038
2023-07-14,South,Technology,Copiers,3647.02,6,0.0,1458.81,CUST-1104
2023-09-02,East,Office Supplies,Binders,2019.79,4,0.0,403.96,CUST-1073
2023-01-04,West,Office Supplies,Storage,4774.69,1,0.0,954.94,CUST-1154
2023-06-30,East,Office Supplies,Binders,3180.86,4,0.0,636.17,CUST-1009
2023-06-02,West,Office Supplies,Storage,4755.13,1,0.1,475.51,CUST-1178
2023-07-19,East,Furniture,Furnishings,2873.47,2,0.0,574.69,CUST-1049
2023-08-03,West,Furniture,Tables,4388.0,4,0.7,-3247.12,CUST-1198
2023-10-03,Central,Technology,Copiers,1112.06,9,0.0,444.82,CUST-1111
2023-10-07,East,Technology,Phones,884.36,2,0.0,176.87,CUST-1077
2023-11-05,East,Furniture,Furnishings,2912.3,8,0.2,0.0,CUST-1109
2023-04-23,East,Office Supplies,Art,3796.29,3,0.0,759.26,CUST-1029
2023-09-07,South,Office Supplies,Storage,4519.75,8,0.0,903.95,CUST-1164
2023-04-23,East,Technology,Machines,4117.57,4,0.2,0.0,CUST-1153
2023-05-20,West,Furniture,Chairs,1283.99,3,0.2,0.0,CUST-1002
2023-08-12,West,Technology,Phones,1828.13,3,0.0,365.63,CUST-1010
2023-09-06,East,Office Supplies,Storage,4056.28,8,0.2,0.0,CUST-1049
2023-01-15,East,Technology,Phones,3857.9,4,0.2,0.0,CUST-1109
2023-07-19,West,Furniture,Chairs,2700.08,8,0.2,0.0,CUST-1194
2023-06-22,East,Furniture,Bookcases,648.06,9,0.3,-168.5,CUST-1097
2023-12-09,East,Furniture,Furnishings,2617.33,5,0.0,523.47,CUST-1129
2023-12-14,West,Office Supplies,Storage,1527.95,4,0.2,0.0,CUST-1150
2023-07-27,South,Office Supplies,Paper,3649.43,6,0.2,0.0,CUST-1024
2023-03-26,Central,Office Supplies,Binders,4243.64,7,0.1,424.36,CUST-1175
2023-08-28,West,Technology,Accessories,4091.95,3,0.1,409.2,CUST-1178
2023-03-07,East,Technology,Machines,4510.68,6,0.2,0.0,CUST-1125
2023-11-15,South,Technology,Phones,2716.93,8,0.0,543.39,CUST-1180
2023-10-01,South,Office Supplies,Storage,2727.04,2,0.2,0.0,CUST-1188
2023-01-14,West,Furniture,Chairs,4761.59,6,0.0,952.32,CUST-1082
2023-07-21,East,Office Supplies,Binders,658.41,5,0.1,65.84,CUST-1061
2023-10-31,East,Furniture,Bookcases,2549.36,4,0.3,-662.83,CUST-1081
2023-10-16,East,Office Supplies,Art,803.53,7,0.2,0.0,CUST-1041
2023-12-06,West,Furniture,Bookcases,3476.03,7,0.3,-903.77,CUST-1146
2023-01-14,West,Furniture,Chairs,163.98,9,0.0,32.8,CUST-1142
2023-02-12,East,Furniture,Tables,1684.7,4,0.3,-438.02,CUST-1137
2023-11-26,Central,Furniture,Bookcases,3825.95,7,0.7,-2831.2,CUST-1075
2023-08-08,East,Furniture,Bookcases,2417.68,4,0.7,-1789.08,CUST-1077
2023-03-11,South,Technology,Phones,135.72,4,0.2,0.0,CUST-1072
2023-08-25,South,Technology,Accessories,3083.4,2,0.0,616.68,CUST-1188
2023-04-04,Central,Office Supplies,Binders,4087.47,9,0.0,817.49,CUST-1163
2023-01-26,East,Office Supplies,Binders,2528.93,6,0.0,505.79,CUST-1193
2023-05-14,South,Technology,Copiers,4762.81,9,0.0,1905.12,CUST-1056
2023-07-14,South,Office Supplies,Art,3128.9,2,0.1,312.89,CUST-1060
2023-06-17,Central,Furniture,Chairs,363.75,8,0.2,0.0,CUST-1123
2023-04-19,Central,Technology,Machines,4909.71,3,0.1,490.97,CUST-1003
2023-08-21,South,Furniture,Chairs,108.78,5,0.2,0.0,CUST-1012
2023-06-17,East,Office Supplies,Art,3110.25,1,0.0,622.05,CUST-1061
2023-06-22,East,Technology,Phones,351.08,1,0.1,35.11,CUST-1089
2023-07-14,West,Furniture,Bookcases,3390.93,2,0.4,-1288.55,CUST-1042
2023-05-23,Central,Office Supplies,Art,4910.43,4,0.1,491.04,CUST-1047
2023-08-04,Central,Office Supplies,Storage,1002.97,3,0.1,100.3,CUST-1039
2023-05-10,East,Furniture,Furnishings,1388.83,9,0.0,277.77,CUST-1125
2023-02-11,South,Technology,Accessories,2598.32,1,0.1,259.83,CUST-1064
2023-08-29,West,Technology,Phones,4895.0,9,0.0,979.0,CUST-1030
2023-01-10,West,Technology,Machines,2119.42,1,0.2,0.0,CUST-1150
2023-10-04,Central,Office Supplies,Paper,2588.78,3,0.1,258.88,CUST-1047
2023-01-27,South,Technology,Accessories,4843.0,7,0.2,0.0,CUST-1096
2023-06-29,Central,Furniture,Bookcases,4757.6,9,0.4,-1807.89,CUST-1111
2023-04-25,South,Office Supplies,Art,469.56,2,0.1,46.96,CUST-1032
2023-11-29,East,Technology,Accessories,4825.43,9,0.0,965.09,CUST-1109
2023-02-05,South,Technology,Phones,2633.52,2,0.0,526.7,CUST-1144
2023-11-30,South,Furniture,Bookcases,538.47,5,0.5,-269.24,CUST-1104
2023-01-21,Central,Technology,Copiers,4416.14,8,0.0,1766.46,CUST-1031
2023-01-16,West,Technology,Accessories,3403.76,1,0.0,680.75,CUST-1198
2023-05-07,East,Office Supplies,Binders,2714.53,3,0.0,542.91,CUST-1109
2023-04-13,West,Furniture,Chairs,3090.07,6,0.1,309.01,CUST-1110
2023-01-11,East,Technology,Accessories,3716.7,2,0.2,0.0,CUST-1145
2023-11-15,South,Office Supplies,Binders,4573.6,4,0.0,914.72,CUST-1164
2023-03-20,Central,Furniture,Bookcases,55.18,8,0.7,-40.83,CUST-1143
2023-05-03,East,Office Supplies,Binders,3356.67,2,0.0,671.33,CUST-1105
2023-03-06,South,Office Supplies,Binders,4093.66,4,0.2,0.0,CUST-1068
2023-08-31,South,Office Supplies,Binders,1079.89,5,0.2,0.0,CUST-1036
2023-12-09,South,Technology,Machines,1780.76,2,0.2,0.0,CUST-1132
2023-02-28,West,Technology,Phones,3367.63,2,0.1,336.76,CUST-1078
2023-10-16,South,Office Supplies,Paper,4425.97,3,0.2,0.0,CUST-1052
2023-04-22,Central,Furniture,Furnishings,1009.41,6,0.0,201.88,CUST-1111
2023-08-27,Central,Office Supplies,Paper,1464.56,1,0.0,292.91,CUST-1191
2023-12-25,East,Technology,Copiers,2696.28,1,0.0,1078.51,CUST-1113
2023-05-12,South,Furniture,Tables,4300.52,2,0.7,-3182.38,CUST-1052
2023-07-08,Central,Furniture,Tables,3154.93,6,0.4,-1198.87,CUST-1183
2023-03-27,South,Technology,Machines,730.49,2,0.1,73.05,CUST-1140
2023-11-07,Central,Technology,Machines,2225.16,9,0.0,445.03,CUST-1023
2023-11-07,South,Technology,Machines,2044.09,6,0.2,0.0,CUST-1072
2023-02-28,East,Office Supplies,Storage,2054.26,2,0.0,410.85,CUST-1017
2023-03-25,East,Technology,Accessories,568.28,5,0.0,113.66,CUST-1185
2023-06-09,West,Furniture,Tables,4409.64,4,0.5,-2204.82,CUST-1098
2023-02-25,Central,Furniture,Chairs,1555.94,8,0.1,155.59,CUST-1007
2023-10-24,Central,Furniture,Chairs,3715.23,4,0.0,743.05,CUST-1039
2023-01-14,East,Office Supplies,Paper,4569.8,5,0.1,456.98,CUST-1117
2023-06-09,West,Furniture,Tables,1364.78,1,0.3,-354.84,CUST-1198
2023-10-22,East,Furniture,Chairs,397.43,3,0.2,0.0,CUST-1177
2023-12-13,West,Furniture,Tables,3974.48,7,0.3,-1033.36,CUST-1018
2023-07-12,South,Office Supplies,Art,3744.3,9,0.2,0.0,CUST-1132
2023-07-23,West,Furniture,Chairs,2301.35,7,0.0,460.27,CUST-1002
2023-04-12,South,Technology,Machines,1155.69,7,0.0,231.14,CUST-1072
2023-02-08,East,Office Supplies,Art,4316.23,5,0.1,431.62,CUST-1125
2023-10-31,South,Technology,Accessories,815.2,1,0.1,81.52,CUST-1188
2023-12-20,East,Technology,Copiers,3664.75,3,0.0,1465.9,CUST-1193
2023-11-18,West,Technology,Accessories,3176.85,3,0.1,317.68,CUST-1042
2023-05-05,East,Technology,Machines,1561.9,7,0.2,0.0,CUST-1081
2023-02-22,Central,Technology,Copiers,1178.67,8,0.0,471.47,CUST-1103
2023-12-23,South,Office Supplies,Binders,2079.53,1,0.1,207.95,CUST-1100
2023-06-04,East,Office Supplies,Storage,3485.18,1,0.0,697.04,CUST-1085
2023-12-17,West,Technology,Copiers,2737.96,1,0.0,1095.18,CUST-1106
2023-11-04,West,Furniture,Furnishings,4726.12,1,0.0,945.22,CUST-1194
2023-03-03,South,Furniture,Chairs,2201.09,8,0.1,220.11,CUST-1052
2023-10-17,East,Office Supplies,Binders,1965.38,1,0.2,0.0,CUST-1129
2023-01-22,Central,Technology,Phones,4757.7,1,0.0,951.54,CUST-1135
2023-06-27,West,Furniture,Bookcases,354.54,3,0.5,-177.27,CUST-1162
2023-09-30,East,Furniture,Bookcases,3446.27,9,0.4,-1309.58,CUST-1137
2023-08-08,South,Furniture,Furnishings,3765.67,9,0.1,376.57,CUST-1004
2023-12-05,South,Furniture,Bookcases,645.66,6,0.3,-167.87,CUST-1084
2023-07-09,Central,Technology,Phones,925.38,2,0.0,185.08,CUST-1191
2023-02-05,East,Office Supplies,Storage,76.7,9,0.1,7.67,CUST-1021
2023-09-17,Central,Technology,Machines,219.51,6,0.2,0.0,CUST-1111
2023-11-28,East,Office Supplies,Art,2732.47,1,0.0,546.49,CUST-1065
2023-06-24,West,Technology,Phones,4021.03,4,0.0,804.21,CUST-1018
2023-01-07,Central,Technology,Phones,2237.47,3,0.1,223.75,CUST-1123
2023-08-04,West,Office Supplies,Storage,1854.18,4,0.2,0.0,CUST-1018
2023-09-08,West,Office Supplies,Storage,4647.15,2,0.1,464.72,CUST-1150
2023-02-24,South,Furniture,Chairs,36.51,2,0.0,7.3,CUST-1012
2023-08-10,South,Office Supplies,Art,341.65,8,0.0,68.33,CUST-1092
2023-07-05,West,Technology,Phones,2610.16,7,0.1,261.02,CUST-1146
2023-11-22,South,Furniture,Bookcases,3359.08,7,0.7,-2485.72,CUST-1148
2023-08-24,East,Office Supplies,Art,1959.87,1,0.2,0.0,CUST-1037
2023-12-29,Central,Office Supplies,Binders,3274.12,4,0.1,327.41,CUST-1039
2023-03-20,East,Furniture,Tables,3793.75,6,0.7,-2807.38,CUST-1073
2023-08-11,South,Office Supplies,Binders,1215.09,2,0.1,121.51,CUST-1068
2023-04-01,West,Technology,Machines,3731.31,1,0.1,373.13,CUST-1082
2023-09-25,West,Technology,Machines,2224.86,7,0.1,222.49,CUST-1054
2023-11-30,West,Furniture,Furnishings,2751.22,9,0.2,0.0,CUST-1034
2023-05-19,Central,Technology,Copiers,3185.51,1,0.0,1274.2,CUST-1183
2023-11-12,West,Furniture,Furnishings,962.72,4,0.2,0.0,CUST-1002
2023-10-03,West,Technology,Copiers,3886.18,4,0.0,1554.47,CUST-1178
2023-09-05,South,Office Supplies,Storage,946.73,4,0.1,94.67,CUST-1052
2023-08-27,East,Furniture,Furnishings,1093.98,5,0.2,0.0,CUST-1013
2023-08-12,West,Technology,Phones,4397.14,3,0.2,0.0,CUST-1002
2023-10-31,East,Technology,Accessories,3921.02,9,0.1,392.1,CUST-1193
2023-05-18,Central,Office Supplies,Binders,2187.73,6,0.1,218.77,CUST-1159
2023-06-15,West,Office Supplies,Binders,2887.74,6,0.2,0.0,CUST-1126
2023-05-06,South,Office Supplies,Binders,3743.44,3,0.0,748.69,CUST-1136
2023-02-14,Central,Office Supplies,Storage,211.35,1,0.2,0.0,CUST-1111
2023-05-23,South,Office Supplies,Storage,4247.4,6,0.2,0.0,CUST-1124
2023-08-19,West,Office Supplies,Art,3275.17,3,0.1,327.52,CUST-1030
2023-05-05,West,Office Supplies,Paper,4583.85,1,0.2,0.0,CUST-1154
2023-08-26,Central,Office Supplies,Paper,2821.34,5,0.0,564.27,CUST-1103
2023-10-19,East,Technology,Copiers,2908.94,3,0.0,1163.58,CUST-1133
2023-11-09,Central,Technology,Accessories,700.79,9,0.2,0.0,CUST-1011
2023-12-09,Central,Office Supplies,Paper,1863.71,5,0.2,0.0,CUST-1199
2023-07-14,Central,Furniture,Bookcases,2220.87,2,0.7,-1643.44,CUST-1047
2023-06-22,West,Furniture,Tables,3578.35,9,0.4,-1359.77,CUST-1002
2023-01-15,Central,Office Supplies,Binders,3377.18,7,0.1,337.72,CUST-1175
2023-09-11,West,Office Supplies,Storage,845.11,5,0.2,0.0,CUST-1018
2023-06-16,East,Office Supplies,Storage,4871.5,6,0.1,487.15,CUST-1117
2023-04-04,West,Office Supplies,Binders,3183.34,4,0.0,636.67,CUST-1118
2023-09-07,Central,Technology,Accessories,2902.83,1,0.0,580.57,CUST-1067
2023-04-19,West,Technology,Accessories,105.53,1,0.2,0.0,CUST-1190
2023-07-01,Central,Office Supplies,Storage,4192.39,6,0.1,419.24,CUST-1187
2023-05-13,West,Office Supplies,Art,2447.59,2,0.0,489.52,CUST-1090
2023-06-24,East,Technology,Accessories,4607.32,8,0.2,0.0,CUST-1057
2023-05-24,West,Furniture,Furnishings,1161.67,1,0.2,0.0,CUST-1146
2023-11-02,South,Technology,Accessories,2987.91,8,0.2,0.0,CUST-1084
2023-12-26,East,Office Supplies,Art,4424.07,9,0.2,0.0,CUST-1053
2023-05-22,Central,Furniture,Tables,3459.15,7,0.3,-899.38,CUST-1007
2023-10-12,South,Office Supplies,Storage,3881.8,4,0.2,0.0,CUST-1044
2023-01-06,East,Office Supplies,Art,4086.7,3,0.1,408.67,CUST-1153
2023-09-22,Central,Technology,Accessories,2086.93,2,0.2,0.0,CUST-1151
2023-04-08,South,Technology,Accessories,4712.49,4,0.2,0.0,CUST-1136
2023-02-13,East,Office Supplies,Binders,3798.87,8,0.2,0.0,CUST-1149
2023-05-04,South,Office Supplies,Paper,3156.6,8,0.1,315.66,CUST-1200
2023-07-28,Central,Furniture,Furnishings,3373.23,4,0.0,674.65,CUST-1135
2023-09-08,West,Technology,Machines,743.14,6,0.2,0.0,CUST-1070
2023-10-12,South,Office Supplies,Art,422.86,2,0.2,0.0,CUST-1120
2023-05-04,Central,Office Supplies,Art,3089.92,5,0.1,308.99,CUST-1059
2023-12-20,West,Technology,Machines,3123.75,7,0.0,624.75,CUST-1106
2023-09-01,East,Office Supplies,Storage,1539.25,9,0.2,0.0,CUST-1133
2023-11-27,West,Furniture,Furnishings,1825.41,6,0.0,365.08,CUST-1150
2023-12-31,East,Technology,Copiers,4958.95,1,0.0,1983.58,CUST-1129
2023-09-09,Central,Technology,Copiers,234.36,7,0.0,93.74,CUST-1095
2023-08-18,Central,Furniture,Chairs,3828.15,8,0.1,382.82,CUST-1059
2023-01-09,Central,Furniture,Tables,2359.63,9,0.5,-1179.82,CUST-1119
2023-02-17,South,Technology,Copiers,3293.83,9,0.0,1317.53,CUST-1168
2023-05-31,Central,Technology,Machines,1647.88,4,0.2,0.0,CUST-1067
2023-04-24,East,Technology,Machines,990.13,1,0.0,198.03,CUST-1017
2023-07-27,East,Technology,Copiers,3683.84,6,0.0,1473.54,CUST-1113
2023-12-21,South,Office Supplies,Art,1867.14,6,0.2,0.0,CUST-1016
2023-05-05,West,Furniture,Tables,4272.76,3,0.3,-1110.92,CUST-1038
2023-06-06,West,Technology,Machines,1435.68,6,0.2,0.0,CUST-1066
2023-12-06,South,Technology,Phones,3930.36,3,0.1,393.04,CUST-1040
2023-10-25,Central,Office Supplies,Art,2788.36,5,0.1,278.84,CUST-1067
2023-07-08,South,Furniture,Bookcases,1110.32,5,0.4,-421.92,CUST-1080
2023-08-31,South,Office Supplies,Storage,1323.6,2,0.0,264.72,CUST-1096
2023-10-11,South,Furniture,Chairs,768.72,1,0.0,153.74,CUST-1020
2023-09-29,Central,Furniture,Chairs,1476.81,8,0.1,147.68,CUST-1135
2023-06-26,Central,Furniture,Bookcases,1464.39,8,0.5,-732.2,CUST-1023
2023-08-06,West,Office Supplies,Storage,2953.84,5,0.0,590.77,CUST-1006
2023-10-09,South,Furniture,Chairs,780.92,2,0.1,78.09,CUST-1052
2023-06-19,West,Office Supplies,Binders,3523.38,2,0.0,704.68,CUST-1170
2023-06-30,West,Technology,Accessories,861.83,5,0.1,86.18,CUST-1170
2023-12-26,East,Office Supplies,Binders,2557.8,4,0.2,0.0,CUST-1189
2023-08-21,East,Technology,Machines,2511.37,7,0.1,251.14,CUST-1041
2023-05-19,East,Furniture,Furnishings,4642.63,1,0.2,0.0,CUST-1185
2023-06-06,Central,Technology,Machines,1195.02,1,0.0,239.0,CUST-1091
2023-05-09,West,Furniture,Chairs,953.8,1,0.2,0.0,CUST-1062
2023-04-29,South,Technology,Accessories,287.07,7,0.2,0.0,CUST-1124
2023-03-03,Central,Furniture,Chairs,1192.3,5,0.0,238.46,CUST-1043
2023-04-09,South,Office Supplies,Art,1942.74,2,0.1,194.27,CUST-1064
2023-06-11,East,Furniture,Furnishings,2161.25,8,0.0,432.25,CUST-1029
2023-03-03,East,Office Supplies,Storage,1731.97,1,0.0,346.39,CUST-1013
2023-10-02,Central,Technology,Copiers,217.08,7,0.0,86.83,CUST-1159
2023-12-20,South,Office Supplies,Binders,3270.38,8,0.1,327.04,CUST-1016
2023-04-05,South,Technology,Accessories,4736.34,3,0.1,473.63,CUST-1100
2023-04-09,West,Furniture,Bookcases,1705.45,4,0.4,-648.07,CUST-1010
2023-04-21,South,Furniture,Chairs,1740.96,3,0.1,174.1,CUST-1128
2023-09-05,South,Office Supplies,Paper,403.91,1,0.1,40.39,CUST-1012
2023-05-22,West,Furniture,Bookcases,4924.38,8,0.7,-3644.04,CUST-1106
2023-10-29,West,Technology,Machines,832.78,8,0.2,0.0,CUST-1114
2023-09-26,South,Office Supplies,Paper,2249.41,2,0.2,0.0,CUST-1128
2023-11-02,West,Technology,Accessories,3312.95,4,0.1,331.3,CUST-1198
2023-05-25,Central,Office Supplies,Art,4088.87,1,0.2,0.0,CUST-1075
2023-02-21,Central,Furniture,Chairs,1254.8,2,0.2,0.0,CUST-1083
2023-04-10,Central,Technology,Machines,3789.75,4,0.2,0.0,CUST-1019
2023-06-01,South,Office Supplies,Art,1365.45,9,0.1,136.55,CUST-1072
2023-04-27,West,Office Supplies,Paper,3022.95,4,0.0,604.59,CUST-1110
2023-07-04,South,Technology,Phones,3677.28,1,0.1,367.73,CUST-1168
2023-04-02,East,Office Supplies,Paper,1506.71,4,0.2,0.0,CUST-1085
2023-06-04,West,Furniture,Chairs,2922.19,5,0.1,292.22,CUST-1082
2023-01-08,East,Office Supplies,Art,1097.36,7,0.2,0.0,CUST-1021
2023-12-29,West,Furniture,Furnishings,4366.37,8,0.2,0.0,CUST-1002
2023-10-01,South,Office Supplies,Art,2003.6,9,0.0,400.72,CUST-1020
2023-03-06,South,Office Supplies,Storage,4006.89,5,0.1,400.69,CUST-1164
2023-05-21,East,Furniture,Bookcases,1814.09,6,0.3,-471.66,CUST-1045
2023-01-24,East,Furniture,Bookcases,2978.29,1,0.7,-2203.93,CUST-1101
2023-01-28,South,Office Supplies,Paper,4318.69,7,0.1,431.87,CUST-1184
2023-10-11,East,Office Supplies,Art,1488.82,6,0.1,148.88,CUST-1133
2023-05-30,West,Furniture,Bookcases,4848.92,5,0.7,-3588.2,CUST-1194
2023-12-24,Central,Technology,Copiers,587.35,9,0.0,234.94,CUST-1055
2023-03-06,South,Furniture,Bookcases,1099.12,5,0.5,-549.56,CUST-1104
2023-11-23,East,Furniture,Chairs,2892.38,6,0.1,289.24,CUST-1177
2023-09-09,East,Office Supplies,Binders,391.43,3,0.0,78.29,CUST-1105
2023-02-22,South,Technology,Copiers,268.41,6,0.0,107.36,CUST-1036
2023-01-07,West,Furniture,Chairs,4174.61,6,0.2,0.0,CUST-1102
2023-10-21,West,Technology,Copiers,706.6,6,0.0,282.64,CUST-1186
2023-05-26,East,Office Supplies,Binders,2301.03,5,0.2,0.0,CUST-1085
2023-08-29,South,Technology,Phones,4669.41,1,0.2,0.0,CUST-1188
2023-09-03,East,Technology,Accessories,4686.17,4,0.1,468.62,CUST-1117
2023-08-14,West,Office Supplies,Art,3100.0,4,0.0,620.0,CUST-1170
2023-06-24,East,Technology,Accessories,351.57,7,0.2,0.0,CUST-1189
2023-04-05,Central,Office Supplies,Storage,229.76,3,0.0,45.95,CUST-1067
2023-01-27,Central,Office Supplies,Art,2757.81,8,0.0,551.56,CUST-1103
2023-05-10,East,Furniture,Bookcases,1284.13,1,0.5,-642.07,CUST-1141
2023-09-02,South,Furniture,Tables,3382.36,5,0.7,-2502.95,CUST-1004
2023-02-28,Central,Office Supplies,Paper,917.08,4,0.0,183.42,CUST-1031
2023-02-03,West,Furniture,Tables,2789.63,6,0.7,-2064.33,CUST-1194
2023-07-25,South,Office Supplies,Storage,1319.09,7,0.0,263.82,CUST-1140
2023-09-09,West,Office Supplies,Art,2328.42,7,0.1,232.84,CUST-1058
2023-02-07,East,Furniture,Furnishings,2022.02,6,0.1,202.2,CUST-1185
2023-10-23,West,Furniture,Chairs,2148.0,2,0.2,0.0,CUST-1086
2023-11-19,West,Furniture,Bookcases,4166.32,6,0.7,-3083.08,CUST-1054
2023-12-18,West,Furniture,Tables,546.99,7,0.4,-207.86,CUST-1102
2023-01-28,South,Technology,Accessories,1255.02,9,0.0,251.0,CUST-1112
2023-03-19,West,Technology,Machines,4422.93,3,0.1,442.29,CUST-1090
2023-03-18,Central,Office Supplies,Binders,3486.51,4,0.0,697.3,CUST-1055
2023-10-16,East,Office Supplies,Binders,4287.39,8,0.1,428.74,CUST-1093
2023-06-05,Central,Technology,Phones,2007.06,7,0.2,0.0,CUST-1007
2023-02-13,East,Office Supplies,Paper,138.59,7,0.1,13.86,CUST-1177
2023-05-08,East,Technology,Phones,1529.42,9,0.2,0.0,CUST-1101
2023-03-02,West,Office Supplies,Binders,1121.15,4,0.2,0.0,CUST-1054
2023-10-13,West,Furniture,Furnishings,661.2,8,0.2,0.0,CUST-1026
2023-08-02,East,Technology,Accessories,3623.92,7,0.2,0.0,CUST-1009
2023-11-07,East,Furniture,Tables,806.53,2,0.4,-306.48,CUST-1185
2023-11-02,Central,Office Supplies,Storage,4152.45,6,0.0,830.49,CUST-1091
2023-11-13,Central,Office Supplies,Binders,1165.06,2,0.0,233.01,CUST-1183
2023-04-26,West,Technology,Accessories,1076.35,1,0.2,0.0,CUST-1170
2023-09-25,West,Office Supplies,Binders,3658.48,6,0.0,731.7,CUST-1186
2023-07-14,South,Office Supplies,Storage,1246.89,4,0.2,0.0,CUST-1180
2023-08-19,West,Technology,Accessories,1383.44,8,0.2,0.0,CUST-1070
2023-08-15,Central,Office Supplies,Storage,2753.84,8,0.0,550.77,CUST-1151
2023-06-02,West,Office Supplies,Binders,1116.69,1,0.0,223.34,CUST-1138
2023-10-29,South,Furniture,Tables,485.85,6,0.3,-126.32,CUST-1060
2023-08-08,Central,Furniture,Tables,1405.93,7,0.3,-365.54,CUST-1099
2023-06-06,South,Furniture,Chairs,3640.37,4,0.2,0.0,CUST-1148
2023-10-19,West,Office Supplies,Binders,2864.26,5,0.2,0.0,CUST-1110
2023-11-14,Central,Furniture,Furnishings,3672.19,4,0.1,367.22,CUST-1039
2023-01-31,West,Technology,Phones,4138.51,3,0.2,0.0,CUST-1154
2023-11-09,West,Furniture,Bookcases,3211.11,4,0.4,-1220.22,CUST-1066
2023-02-20,South,Office Supplies,Art,619.34,3,0.2,0.0,CUST-1156
2023-04-17,West,Technology,Machines,3365.2,9,0.0,673.04,CUST-1086
2023-11-17,South,Technology,Accessories,236.02,7,0.1,23.6,CUST-1104
2023-04-19,Central,Furniture,Tables,3359.64,2,0.3,-873.51,CUST-1175
2023-05-16,West,Furniture,Tables,2528.05,4,0.5,-1264.03,CUST-1098
2023-12-05,West,Technology,Copiers,3300.52,9,0.0,1320.21,CUST-1066
2023-02-11,East,Furniture,Bookcases,1454.3,5,0.7,-1076.18,CUST-1049
2023-03-22,West,Office Supplies,Art,2237.75,2,0.0,447.55,CUST-1078
2023-05-03,South,Technology,Copiers,4672.82,8,0.0,1869.13,CUST-1100
2023-03-30,East,Office Supplies,Storage,506.74,7,0.1,50.67,CUST-1013
2023-10-10,Central,Technology,Machines,210.29,1,0.2,0.0,CUST-1039
2023-02-08,South,Furniture,Bookcases,1059.49,7,0.4,-402.61,CUST-1012
2023-03-22,West,Office Supplies,Paper,1446.28,2,0.2,0.0,CUST-1162
2023-01-02,Central,Furniture,Bookcases,1628.4,1,0.4,-618.79,CUST-1179
2023-07-29,West,Furniture,Furnishings,36.97,6,0.1,3.7,CUST-1070
2023-08-19,South,Technology,Machines,3845.22,8,0.0,769.04,CUST-1188
2023-12-19,East,Furniture,Tables,1101.38,5,0.4,-418.52,CUST-1141
2023-11-01,South,Furniture,Tables,618.82,2,0.5,-309.41,CUST-1188
2023-08-29,Central,Furniture,Furnishings,1713.18,9,0.1,171.32,CUST-1087
2023-05-30,South,Furniture,Furnishings,148.94,9,0.1,14.89,CUST-1136
2023-01-17,South,Office Supplies,Art,3889.5,3,0.1,388.95,CUST-1188
2023-04-29,Central,Technology,Copiers,4029.57,2,0.0,1611.83,CUST-1031
2023-05-28,East,Office Supplies,Art,2964.16,4,0.0,592.83,CUST-1157
2023-12-28,Central,Furniture,Tables,2738.01,5,0.4,-1040.44,CUST-1195
2023-05-25,South,Technology,Accessories,4587.17,6,0.1,458.72,CUST-1176
2023-12-26,South,Furniture,Furnishings,3636.93,4,0.0,727.39,CUST-1076
2023-08-21,South,Furniture,Chairs,3401.37,2,0.1,340.14,CUST-1168
2023-02-06,Central,Office Supplies,Art,3784.11,5,0.0,756.82,CUST-1163
2023-12-18,South,Office Supplies,Paper,2217.41,6,0.0,443.48,CUST-1148
2023-04-30,East,Office Supplies,Paper,645.57,1,0.0,129.11,CUST-1021
2023-05-16,West,Office Supplies,Art,3252.44,4,0.2,0.0,CUST-1102
2023-11-17,South,Office Supplies,Paper,599.91,1,0.0,119.98,CUST-1136
2023-10-29,Central,Office Supplies,Binders,2776.24,6,0.1,277.62,CUST-1179
2023-12-05,Central,Furniture,Bookcases,4119.8,5,0.3,-1071.15,CUST-1023
2023-04-12,East,Technology,Copiers,2748.88,6,0.0,1099.55,CUST-1145
